"use strict";(self.webpackChunkdoris_website=self.webpackChunkdoris_website||[]).push([[874598],{15680:(e,t,n)=>{n.d(t,{xA:()=>c,yg:()=>y});var a=n(296540);function i(e,t,n){return t in e?Object.defineProperty(e,t,{value:n,enumerable:!0,configurable:!0,writable:!0}):e[t]=n,e}function r(e,t){var n=Object.keys(e);if(Object.getOwnPropertySymbols){var a=Object.getOwnPropertySymbols(e);t&&(a=a.filter((function(t){return Object.getOwnPropertyDescriptor(e,t).enumerable}))),n.push.apply(n,a)}return n}function l(e){for(var t=1;t<arguments.length;t++){var n=null!=arguments[t]?arguments[t]:{};t%2?r(Object(n),!0).forEach((function(t){i(e,t,n[t])})):Object.getOwnPropertyDescriptors?Object.defineProperties(e,Object.getOwnPropertyDescriptors(n)):r(Object(n)).forEach((function(t){Object.defineProperty(e,t,Object.getOwnPropertyDescriptor(n,t))}))}return e}function o(e,t){if(null==e)return{};var n,a,i=function(e,t){if(null==e)return{};var n,a,i={},r=Object.keys(e);for(a=0;a<r.length;a++)n=r[a],t.indexOf(n)>=0||(i[n]=e[n]);return i}(e,t);if(Object.getOwnPropertySymbols){var r=Object.getOwnPropertySymbols(e);for(a=0;a<r.length;a++)n=r[a],t.indexOf(n)>=0||Object.prototype.propertyIsEnumerable.call(e,n)&&(i[n]=e[n])}return i}var s=a.createContext({}),d=function(e){var t=a.useContext(s),n=t;return e&&(n="function"==typeof e?e(t):l(l({},t),e)),n},c=function(e){var t=d(e.components);return a.createElement(s.Provider,{value:t},e.children)},m="mdxType",p={inlineCode:"code",wrapper:function(e){var t=e.children;return a.createElement(a.Fragment,{},t)}},u=a.forwardRef((function(e,t){var n=e.components,i=e.mdxType,r=e.originalType,s=e.parentName,c=o(e,["components","mdxType","originalType","parentName"]),m=d(n),u=i,y=m["".concat(s,".").concat(u)]||m[u]||p[u]||r;return n?a.createElement(y,l(l({ref:t},c),{},{components:n})):a.createElement(y,l({ref:t},c))}));function y(e,t){var n=arguments,i=t&&t.mdxType;if("string"==typeof e||i){var r=n.length,l=new Array(r);l[0]=u;var o={};for(var s in t)hasOwnProperty.call(t,s)&&(o[s]=t[s]);o.originalType=e,o[m]="string"==typeof e?e:i,l[1]=o;for(var d=2;d<r;d++)l[d]=n[d];return a.createElement.apply(null,l)}return a.createElement.apply(null,n)}u.displayName="MDXCreateElement"},451187:(e,t,n)=>{n.r(t),n.d(t,{assets:()=>s,contentTitle:()=>l,default:()=>p,frontMatter:()=>r,metadata:()=>o,toc:()=>d});var a=n(58168),i=(n(296540),n(15680));const r={title:"Transaction",language:"en"},l=void 0,o={unversionedId:"data-operate/transaction",id:"version-3.0/data-operate/transaction",title:"Transaction",description:"\x3c!--",source:"@site/versioned_docs/version-3.0/data-operate/transaction.md",sourceDirName:"data-operate",slug:"/data-operate/transaction",permalink:"/docs/data-operate/transaction",draft:!1,tags:[],version:"3.0",frontMatter:{title:"Transaction",language:"en"},sidebar:"docs",previous:{title:"Job Scheduler",permalink:"/docs/data-operate/scheduler/job-scheduler"},next:{title:"MySQL Compatibility",permalink:"/docs/query/query-data/mysql-compatibility"}},s={},d=[{value:"Explicit and Implicit Transactions",id:"explicit-and-implicit-transactions",level:2},{value:"Explicit Transactions",id:"explicit-transactions",level:3},{value:"Implicit Transactions",id:"implicit-transactions",level:3},{value:"Transaction Operations",id:"transaction-operations",level:2},{value:"Start a Transaction",id:"start-a-transaction",level:3},{value:"Commit a Transaction",id:"commit-a-transaction",level:3},{value:"Rollback a Transaction",id:"rollback-a-transaction",level:3},{value:"Transaction Load",id:"transaction-load",level:2},{value:"Multiple <code>INSERT INTO VALUES</code> for one table",id:"multiple-insert-into-values-for-one-table",level:3},{value:"Multiple <code>INSERT INTO SELECT</code>, <code>UPDATE</code>, <code>DELETE</code> for multiple tables",id:"multiple-insert-into-select-update-delete-for-multiple-tables",level:3},{value:"Isolation Level",id:"isolation-level",level:4},{value:"Failed Statements Within a Transaction",id:"failed-statements-within-a-transaction",level:4},{value:"QA",id:"qa",level:4}],c={toc:d},m="wrapper";function p(e){let{components:t,...n}=e;return(0,i.yg)(m,(0,a.A)({},c,n,{components:t,mdxType:"MDXLayout"}),(0,i.yg)("p",null,"A transaction is an operation that contains one or more SQL statements. The execution of these statements must either be completely successful or completely fail. It is an indivisible work unit."),(0,i.yg)("h2",{id:"explicit-and-implicit-transactions"},"Explicit and Implicit Transactions"),(0,i.yg)("h3",{id:"explicit-transactions"},"Explicit Transactions"),(0,i.yg)("p",null,"Explicit transactions require users to actively start, commit, or roll back transactions. Doris provides two types of explicit transactions:"),(0,i.yg)("ol",null,(0,i.yg)("li",{parentName:"ol"},(0,i.yg)("p",{parentName:"li"},"The transaction write method introduced in this document :"),(0,i.yg)("pre",{parentName:"li"},(0,i.yg)("code",{parentName:"pre",className:"language-sql"},"BEGIN;\n[INSERT, UPDATE, DELETE statement]\nCOMMIT; / ROLLBACK;\n"))),(0,i.yg)("li",{parentName:"ol"},(0,i.yg)("p",{parentName:"li"},(0,i.yg)("a",{parentName:"p",href:"/docs/data-operate/import/load-atomicity#stream-load"},"Stream Load 2PC")))),(0,i.yg)("h3",{id:"implicit-transactions"},"Implicit Transactions"),(0,i.yg)("p",null,"Implicit transactions refer to SQL statements that are executed without explicitly adding statements to start and commit transactions before and after the statements."),(0,i.yg)("p",null,"In Doris, except for ",(0,i.yg)("a",{parentName:"p",href:"/docs/data-operate/import/group-commit-manual"},"Group Commit"),", each import statement opens a transaction when it starts executing. The transaction is automatically committed after the statement is executed, or automatically rolled back if the statement fails. For more information, see ",(0,i.yg)("a",{parentName:"p",href:"/docs/data-operate/import/load-atomicity"},"Transaction Load"),"."),(0,i.yg)("h2",{id:"transaction-operations"},"Transaction Operations"),(0,i.yg)("h3",{id:"start-a-transaction"},"Start a Transaction"),(0,i.yg)("pre",null,(0,i.yg)("code",{parentName:"pre",className:"language-sql"},"BEGIN;\n\nBEGIN WITH LABEL {user_label}; \n")),(0,i.yg)("p",null,"If this statement is executed while the current session is in the middle of a transaction, Doris will ignore the statement, which can also be understood as transactions cannot be nested."),(0,i.yg)("h3",{id:"commit-a-transaction"},"Commit a Transaction"),(0,i.yg)("pre",null,(0,i.yg)("code",{parentName:"pre",className:"language-sql"},"COMMIT;\n")),(0,i.yg)("p",null,"Used to commit all modifications made in the current transaction."),(0,i.yg)("h3",{id:"rollback-a-transaction"},"Rollback a Transaction"),(0,i.yg)("pre",null,(0,i.yg)("code",{parentName:"pre",className:"language-sql"},"ROLLBACK;\n")),(0,i.yg)("p",null,"Used to roll back all modifications made in the current transaction."),(0,i.yg)("p",null,"Transactions are session-level, so if a session is terminated or closed, the transaction will automatically be rolled back."),(0,i.yg)("h2",{id:"transaction-load"},"Transaction Load"),(0,i.yg)("p",null,"Currently, Doris supports two ways of transaction loading."),(0,i.yg)("h3",{id:"multiple-insert-into-values-for-one-table"},"Multiple ",(0,i.yg)("inlineCode",{parentName:"h3"},"INSERT INTO VALUES")," for one table"),(0,i.yg)("p",null,"Suppose the table schema is:"),(0,i.yg)("pre",null,(0,i.yg)("code",{parentName:"pre",className:"language-sql"},'CREATE TABLE `dt` (\n    `id` INT(11) NOT NULL,\n    `name` VARCHAR(50) NULL,\n    `score` INT(11) NULL\n) ENGINE=OLAP\nUNIQUE KEY(`id`)\nDISTRIBUTED BY HASH(`id`) BUCKETS 1\nPROPERTIES (\n    "replication_num" = "1"\n);\n')),(0,i.yg)("p",null,"Do transaction load:"),(0,i.yg)("pre",null,(0,i.yg)("code",{parentName:"pre",className:"language-sql"},"mysql> BEGIN;\nQuery OK, 0 rows affected (0.01 sec)\n{'label':'txn_insert_b55db21aad7451b-b5b6c339704920c5', 'status':'PREPARE', 'txnId':''}\n\nmysql> INSERT INTO dt (id, name, score) VALUES (1, \"Emily\", 25), (2, \"Benjamin\", 35), (3, \"Olivia\", 28), (4, \"Alexander\", 60), (5, \"Ava\", 17);\nQuery OK, 5 rows affected (0.08 sec)\n{'label':'txn_insert_b55db21aad7451b-b5b6c339704920c5', 'status':'PREPARE', 'txnId':'10013'}\n\nmysql> INSERT INTO dt VALUES (6, \"William\", 69), (7, \"Sophia\", 32), (8, \"James\", 64), (9, \"Emma\", 37), (10, \"Liam\", 64);\nQuery OK, 5 rows affected (0.00 sec)\n{'label':'txn_insert_b55db21aad7451b-b5b6c339704920c5', 'status':'PREPARE', 'txnId':'10013'}\n\nmysql> COMMIT;\nQuery OK, 0 rows affected (1.02 sec)\n{'label':'txn_insert_b55db21aad7451b-b5b6c339704920c5', 'status':'VISIBLE', 'txnId':'10013'}\n")),(0,i.yg)("p",null,"This method not only achieves atomicity, but also in Doris, it enhances the writing performance of ",(0,i.yg)("inlineCode",{parentName:"p"},"INSERT INTO VALUES"),"."),(0,i.yg)("p",null,"If user enables ",(0,i.yg)("inlineCode",{parentName:"p"},"Group Commit")," and transaction insert at the same time, the transaction insert will work. "),(0,i.yg)("p",null,"See ",(0,i.yg)("a",{parentName:"p",href:"/docs/data-operate/import/load-atomicity#insert-into"},"Insert Into")," for more details."),(0,i.yg)("h3",{id:"multiple-insert-into-select-update-delete-for-multiple-tables"},"Multiple ",(0,i.yg)("inlineCode",{parentName:"h3"},"INSERT INTO SELECT"),", ",(0,i.yg)("inlineCode",{parentName:"h3"},"UPDATE"),", ",(0,i.yg)("inlineCode",{parentName:"h3"},"DELETE")," for multiple tables"),(0,i.yg)("p",null,"Suppose there are 3 tables: ",(0,i.yg)("inlineCode",{parentName:"p"},"dt1"),", ",(0,i.yg)("inlineCode",{parentName:"p"},"dt2"),", ",(0,i.yg)("inlineCode",{parentName:"p"},"dt3"),", with the same schema as above, and the data in the tables are:"),(0,i.yg)("pre",null,(0,i.yg)("code",{parentName:"pre",className:"language-sql"},"mysql> SELECT * FROM dt1;\n+------+-----------+-------+\n| id   | name      | score |\n+------+-----------+-------+\n|    1 | Emily     |    25 |\n|    2 | Benjamin  |    35 |\n|    3 | Olivia    |    28 |\n|    4 | Alexander |    60 |\n|    5 | Ava       |    17 |\n+------+-----------+-------+\n5 rows in set (0.04 sec)\n\nmysql> SELECT * FROM dt2;\n+------+---------+-------+\n| id   | name    | score |\n+------+---------+-------+\n|    6 | William |    69 |\n|    7 | Sophia  |    32 |\n|    8 | James   |    64 |\n|    9 | Emma    |    37 |\n|   10 | Liam    |    64 |\n+------+---------+-------+\n5 rows in set (0.03 sec)\n\nmysql> SELECT * FROM dt3;\nEmpty set (0.03 sec)\n")),(0,i.yg)("p",null,"Do transaction load, write the data from ",(0,i.yg)("inlineCode",{parentName:"p"},"dt1")," and ",(0,i.yg)("inlineCode",{parentName:"p"},"dt2")," to ",(0,i.yg)("inlineCode",{parentName:"p"},"dt3"),", and update the scores in ",(0,i.yg)("inlineCode",{parentName:"p"},"dt1")," and delete the data in ",(0,i.yg)("inlineCode",{parentName:"p"},"dt2"),":"),(0,i.yg)("pre",null,(0,i.yg)("code",{parentName:"pre",className:"language-sql"},"mysql> BEGIN;\nQuery OK, 0 rows affected (0.00 sec)\n{'label':'txn_insert_442a6311f6c541ae-b57d7f00fa5db028', 'status':'PREPARE', 'txnId':''}\n\n# \u5bfc\u5165\u4efb\u52a1\u7684\u72b6\u6001\u662f PREPARE\nmysql> INSERT INTO dt3 SELECT * FROM dt1;\nQuery OK, 5 rows affected (0.07 sec)\n{'label':'txn_insert_442a6311f6c541ae-b57d7f00fa5db028', 'status':'PREPARE', 'txnId':'11024'}\n\nmysql> INSERT INTO dt3 SELECT * FROM dt2;\nQuery OK, 5 rows affected (0.08 sec)\n{'label':'txn_insert_442a6311f6c541ae-b57d7f00fa5db028', 'status':'PREPARE', 'txnId':'11025'}\n\nmysql> UPDATE dt1 SET score = score + 10 WHERE id >= 4;\nQuery OK, 2 rows affected (0.07 sec)\n{'label':'txn_insert_442a6311f6c541ae-b57d7f00fa5db028', 'status':'PREPARE', 'txnId':'11026'}\n\nmysql> DELETE FROM dt2 WHERE id >= 9;\nQuery OK, 0 rows affected (0.01 sec)\n{'label':'txn_insert_442a6311f6c541ae-b57d7f00fa5db028', 'status':'PREPARE', 'txnId':'11027'}\n\nmysql> COMMIT;\nQuery OK, 0 rows affected (0.03 sec)\n{'label':'txn_insert_442a6311f6c541ae-b57d7f00fa5db028', 'status':'VISIBLE', 'txnId':'11024'}\n")),(0,i.yg)("p",null,"Select data:"),(0,i.yg)("pre",null,(0,i.yg)("code",{parentName:"pre",className:"language-sql"},"# the score column of id >= 4 records is updated \nmysql> SELECT * FROM dt1;\n+------+-----------+-------+\n| id   | name      | score |\n+------+-----------+-------+\n|    1 | Emily     |    25 |\n|    2 | Benjamin  |    35 |\n|    3 | Olivia    |    28 |\n|    4 | Alexander |    70 |\n|    5 | Ava       |    27 |\n+------+-----------+-------+\n5 rows in set (0.01 sec)\n\n# the records of id >= 9 are deleted\nmysql> SELECT * FROM dt2;\n+------+---------+-------+\n| id   | name    | score |\n+------+---------+-------+\n|    6 | William |    69 |\n|    7 | Sophia  |    32 |\n|    8 | James   |    64 |\n+------+---------+-------+\n3 rows in set (0.02 sec)\n\n# the data of dt1 and dt2 is written to dt3\nmysql> SELECT * FROM dt3;\n+------+-----------+-------+\n| id   | name      | score |\n+------+-----------+-------+\n|    1 | Emily     |    25 |\n|    2 | Benjamin  |    35 |\n|    3 | Olivia    |    28 |\n|    4 | Alexander |    60 |\n|    5 | Ava       |    17 |\n|    6 | William   |    69 |\n|    7 | Sophia    |    32 |\n|    8 | James     |    64 |\n|    9 | Emma      |    37 |\n|   10 | Liam      |    64 |\n+------+-----------+-------+\n10 rows in set (0.01 sec)\n")),(0,i.yg)("h4",{id:"isolation-level"},"Isolation Level"),(0,i.yg)("p",null,"Doris provides the ",(0,i.yg)("inlineCode",{parentName:"p"},"READ COMMITTED")," isolation level. Please note the following:"),(0,i.yg)("ul",null,(0,i.yg)("li",{parentName:"ul"},(0,i.yg)("p",{parentName:"li"},"In a transaction, each statement reads the data that was committed at the time the statement began executing:"),(0,i.yg)("pre",{parentName:"li"},(0,i.yg)("code",{parentName:"pre",className:"language-sql"}," timestamp | ------------ Session 1 ------------  |  ------------ Session 2 ------------\n   t1      | BEGIN;                               | \n   t2      | # read n rows from dt1 table         |\n           | INSERT INTO dt3 SELECT * FROM dt1;   |\n   t3      |                                      | # write 2 rows to dt1 table\n           |                                      | INSERT INTO dt1 VALUES(...), (...);\n   t4      | # read n + 2 rows FROM dt1 table     |\n           | INSERT INTO dt3 SELECT * FROM dt1;   |\n   t5      | COMMIT;                              |\n"))),(0,i.yg)("li",{parentName:"ul"},(0,i.yg)("p",{parentName:"li"},"In a transaction, each statement cannot read the modifications made by other statements within the same transactio:"),(0,i.yg)("p",{parentName:"li"},"  Suppose ",(0,i.yg)("inlineCode",{parentName:"p"},"dt1")," has 5 rows, ",(0,i.yg)("inlineCode",{parentName:"p"},"dt2")," has 5 rows, ",(0,i.yg)("inlineCode",{parentName:"p"},"dt3")," has 0 rows. And execute the following SQL:"),(0,i.yg)("pre",{parentName:"li"},(0,i.yg)("code",{parentName:"pre",className:"language-sql"},"BEGIN;\n# write 5 rows to dt2, \nINSERT INTO dt2 SELECT * FROM dt1;\n# write 5 rows to dt3, and cannot read the new data written to dt2 in the previous step\nINSERT INTO dt3 SELECT * FROM dt2;\nCOMMIT;\n")),(0,i.yg)("p",{parentName:"li"},"  One example:"),(0,i.yg)("pre",{parentName:"li"},(0,i.yg)("code",{parentName:"pre",className:"language-sql"},'# create table and insert data\nCREATE TABLE `dt1` (\n    `id` INT(11) NOT NULL,\n    `name` VARCHAR(50) NULL,\n    `score` INT(11) NULL\n) ENGINE=OLAP\nDUPLICATE KEY(`id`)\nDISTRIBUTED BY HASH(`id`) BUCKETS 1\nPROPERTIES (\n    "replication_num" = "1"\n);\nCREATE TABLE dt2 LIKE dt1;\nCREATE TABLE dt3 LIKE dt1;\nINSERT INTO dt1 VALUES (1, "Emily", 25), (2, "Benjamin", 35), (3, "Olivia", 28), (4, "Alexander", 60), (5, "Ava", 17);\nINSERT INTO dt2 VALUES (6, "William", 69), (7, "Sophia", 32), (8, "James", 64), (9, "Emma", 37), (10, "Liam", 64);\n\n# Do transaction write\nBEGIN;\nINSERT INTO dt2 SELECT * FROM dt1;\nINSERT INTO dt3 SELECT * FROM dt2;\nCOMMIT;\n\n# Select data\nmysql> SELECT * FROM dt2;\n+------+-----------+-------+\n| id   | name      | score |\n+------+-----------+-------+\n|    6 | William   |    69 |\n|    7 | Sophia    |    32 |\n|    8 | James     |    64 |\n|    9 | Emma      |    37 |\n|   10 | Liam      |    64 |\n|    1 | Emily     |    25 |\n|    2 | Benjamin  |    35 |\n|    3 | Olivia    |    28 |\n|    4 | Alexander |    60 |\n|    5 | Ava       |    17 |\n+------+-----------+-------+\n10 rows in set (0.01 sec)\n\nmysql> SELECT * FROM dt3;\n+------+---------+-------+\n| id   | name    | score |\n+------+---------+-------+\n|    6 | William |    69 |\n|    7 | Sophia  |    32 |\n|    8 | James   |    64 |\n|    9 | Emma    |    37 |\n|   10 | Liam    |    64 |\n+------+---------+-------+\n5 rows in set (0.01 sec)\n')))),(0,i.yg)("h4",{id:"failed-statements-within-a-transaction"},"Failed Statements Within a Transaction"),(0,i.yg)("p",null,"When a statement within a transaction fails, that operation is rolled back. However, other statements within the transaction that have executed successfully are still able to either commit or rollback. Once the transaction is successfully committed, the modifications made by the successfully executed statements within the transaction are applied."),(0,i.yg)("p",null,"One example:"),(0,i.yg)("pre",null,(0,i.yg)("code",{parentName:"pre",className:"language-sql"},"mysql> BEGIN;\nQuery OK, 0 rows affected (0.00 sec)\n{'label':'txn_insert_c5940d31bf364f57-a48b628886415442', 'status':'PREPARE', 'txnId':''}\n\nmysql> INSERT INTO dt3 SELECT * FROM dt1;\nQuery OK, 5 rows affected (0.07 sec)\n{'label':'txn_insert_c5940d31bf364f57-a48b628886415442', 'status':'PREPARE', 'txnId':'11058'}\n\n# The failed insert is rolled back\nmysql> INSERT INTO dt3 SELECT * FROM dt2;\nERROR 5025 (HY000): Insert has filtered data in strict mode, tracking_url=http://172.21.16.12:9082/api/_load_error_log?file=__shard_3/error_log_insert_stmt_3d1fed266ce443f2-b54d2609c2ea6b11_3d1fed266ce443f2_b54d2609c2ea6b11\n\nmysql> INSERT INTO dt3 SELECT * FROM dt2 WHERE id = 7;\nQuery OK, 0 rows affected (0.07 sec)\n\nmysql> COMMIT;\nQuery OK, 0 rows affected (0.02 sec)\n{'label':'txn_insert_c5940d31bf364f57-a48b628886415442', 'status':'VISIBLE', 'txnId':'11058'}\n")),(0,i.yg)("p",null,"Select data:"),(0,i.yg)("pre",null,(0,i.yg)("code",{parentName:"pre",className:"language-sql"},"# The data in dt1 is written to dt3, the data with id = 7 in dt2 is written successfully, and the other data is written failed\nmysql> SELECT * FROM dt3;\n+------+----------+-------+\n| id   | name     | score |\n+------+----------+-------+\n|    1 | Emily    |    25 |\n|    2 | Benjamin |    35 |\n|    3 | Olivia   |    28 |\n|    4 | Alexande |    60 |\n|    5 | Ava      |    17 |\n|    7 | Sophia   |    32 |\n+------+----------+-------+\n6 rows in set (0.01 sec)\n")),(0,i.yg)("h4",{id:"qa"},"QA"),(0,i.yg)("ul",null,(0,i.yg)("li",{parentName:"ul"},(0,i.yg)("p",{parentName:"li"},"Writing to multiple tables must belong to the same Database; otherwise, you will encounter the error ",(0,i.yg)("inlineCode",{parentName:"p"},"Transaction insert must be in the same database"))),(0,i.yg)("li",{parentName:"ul"},(0,i.yg)("p",{parentName:"li"},"Mixing the two transaction load of ",(0,i.yg)("inlineCode",{parentName:"p"},"INSERT INTO SELECT"),", ",(0,i.yg)("inlineCode",{parentName:"p"},"UPDATE"),", ",(0,i.yg)("inlineCode",{parentName:"p"},"DELETE")," and ",(0,i.yg)("inlineCode",{parentName:"p"},"INSERT INTO VALUES")," is not allowed; otherwise, you will encounter the error ",(0,i.yg)("inlineCode",{parentName:"p"},"Transaction insert can not insert into values and insert into select at the same time"),".")),(0,i.yg)("li",{parentName:"ul"},(0,i.yg)("p",{parentName:"li"},(0,i.yg)("a",{parentName:"p",href:"/docs/data-operate/delete/delete-manual"},"Delete Command")," supports delete by specifying a filter predicate or using clause, to guarantee the isolation, currently only support that, the delete operations must before the insert operations for one table in one transaction, otherwise, you will encounter the error ",(0,i.yg)("inlineCode",{parentName:"p"},"Can not delete because there is a insert operation for the same table"),".  ")),(0,i.yg)("li",{parentName:"ul"},(0,i.yg)("p",{parentName:"li"},"If the time-consuming from ",(0,i.yg)("inlineCode",{parentName:"p"},"BEGIN")," statement exceeds the timeout configured in Doris, the transaction will be rolled back. Currently, the timeout uses the maximum value of session variables ",(0,i.yg)("inlineCode",{parentName:"p"},"insert_timeout")," and ",(0,i.yg)("inlineCode",{parentName:"p"},"query_timeout"),".")),(0,i.yg)("li",{parentName:"ul"},(0,i.yg)("p",{parentName:"li"},"When using JDBC to connect to Doris for transaction operations, please add ",(0,i.yg)("inlineCode",{parentName:"p"},"useLocalSessionState=true")," in the JDBC URL; otherwise, you may encounter the error ",(0,i.yg)("inlineCode",{parentName:"p"},"This is in a transaction, only insert, update, delete, commit, rollback is acceptable"),".")),(0,i.yg)("li",{parentName:"ul"},(0,i.yg)("p",{parentName:"li"},"In cloud mode, transaction load does not support ",(0,i.yg)("inlineCode",{parentName:"p"},"merge on write")," unique tables, otherwise, you will encounter the error ",(0,i.yg)("inlineCode",{parentName:"p"},"Transaction load is not supported for merge on write unique keys table in cloud mode"),"."))))}p.isMDXComponent=!0}}]);